dwell_time,flight_time,typing_speed,backspace_rate,label
0.07635882496833801,0.2115057110786438,12.734214988869383,0.0,1
